jobName,companyName,salary,position,location,posted_on,expires,jobRef,link
Service Technician,The Talent Experts,R Undisclosed,Permanent Specialist position,Durban (Durban CBD),Posted 09 Jan 2024 by The Talent Experts,Expires in 34 days,Job 2550193 - Ref KT,https://www.careerjunction.co.za//service-technician-job-2550193.aspx
Project Manager - Environmental sector at The Wild law Institute,Anchor Executive Recruitment,Undisclosed,Permanent Intermediate position,Kenilworth,Posted 09 Jan 2024 by Anchor Executive Recruitment,Expires in 34 days,Job 2517376 - Ref PSA 758,https://www.careerjunction.co.za//project-manager-environmental-sector-at-the-wild-law-institute-job-2517376.aspx
Senior Java Developer,DCV Sabenza IT and Recruitment,Undisclosed,Permanent Senior position,Johannesburg Region,Posted 09 Jan 2024 by DCV Sabenza IT and Recruitment,Expires in 34 days,Job 2550192,https://www.careerjunction.co.za//senior-java-developer-job-2550192.aspx
Senior C#.Net (API) Developer,DCV Sabenza IT and Recruitment,Undisclosed,Permanent Senior position,Pretoria Region,Posted 09 Jan 2024 by DCV Sabenza IT and Recruitment,Expires in 34 days,Job 2550191,https://www.careerjunction.co.za//senior-c%23net-api-developer-job-2550191.aspx
Internal Sales Person at Trident Steel,Trident Steel Africa ( PTY ) Ltd.,Undisclosed,Permanent Intermediate position,Struandale Industrial (Struandale),Posted 09 Jan 2024 by Trident Steel Africa ( PTY ) Ltd.,Expires in 34 days,Job 2550190,https://www.careerjunction.co.za//internal-sales-person-at-trident-steel-job-2550190.aspx
Graphic Designer,Bridgena Barnard and Ass (Bridgena Barnard Personnel Group),"R145,000 - R17,000 per month",Permanent Intermediate position,Oakdale,Posted 09 Jan 2024 by Bridgena Barnard and Ass (Bridgena Barnard Personnel Group),Expires in 23 days,Job 2550189 - Ref CPT001358,https://www.careerjunction.co.za//graphic-designer-job-2550189.aspx
Bookkeeper,GG Financial Recruitment,"R20,000 - R25,000 per month",Permanent Senior position,Oakdale,Posted 09 Jan 2024 by GG Financial Recruitment,Expires in 22 days,Job 2550188 - Ref CPT001025,https://www.careerjunction.co.za//bookkeeper-job-2550188.aspx
Temp Data Capturer,Sinakho Staffshop (Pty) Ltd,"R8,000 - R11,000 per month",Contract Junior position,Pretoria CBD,Posted 09 Jan 2024 by Sinakho Staffshop (Pty) Ltd,Expires in 34 days,Job 2550187 - Ref 22973,https://www.careerjunction.co.za//temp-data-capturer-job-2550187.aspx
Intermediate SQL Developer,DCV Sabenza IT and Recruitment,Undisclosed,Permanent Intermediate position,Johannesburg Region,Posted 09 Jan 2024 by DCV Sabenza IT and Recruitment,Expires in 34 days,Job 2550186,https://www.careerjunction.co.za//intermediate-sql-developer-job-2550186.aspx
Procurement Manager,DMA Group,"R68,800 per month",Permanent Management position,Johannesburg Region,Posted 09 Jan 2024 by DMA Group,Expires in 34 days,Job 2550185,https://www.careerjunction.co.za//procurement-manager-job-2550185.aspx
Commercial Legal Advisor,Sinakho Staffshop (Pty) Ltd,"R30,000 - R50,000 per month",Permanent Senior position,Menlyn,Posted 09 Jan 2024 by Sinakho Staffshop (Pty) Ltd,Expires in 34 days,Job 2550184 - Ref 23017,https://www.careerjunction.co.za//commercial-legal-advisor-job-2550184.aspx
Intermediate Web (Front-end) Developer,DCV Sabenza IT and Recruitment,Undisclosed,Permanent Intermediate position,Pretoria Region,Posted 09 Jan 2024 by DCV Sabenza IT and Recruitment,Expires in 34 days,Job 2550182,https://www.careerjunction.co.za//intermediate-web-front-end-developer-job-2550182.aspx
Senior Web (Front-end) Developer.,DCV Sabenza IT and Recruitment,Undisclosed,Permanent Senior position,Johannesburg Region,Posted 09 Jan 2024 by DCV Sabenza IT and Recruitment,Expires in 34 days,Job 2550181,https://www.careerjunction.co.za//senior-web-front-end-developer-job-2550181.aspx
New Media Manager,Helen Wilson Recruitment,"R25,000 - R30,000 per month",Permanent Intermediate EE position,Rosebank,Posted 09 Jan 2024 by Helen Wilson Recruitment,Expires in 34 days,Job 2550180,https://www.careerjunction.co.za//new-media-manager-job-2550180.aspx
Hydraulic Technician/Engineer,SFG Engineering Services,Undisclosed,Permanent Senior position,Montague Gardens,Posted 09 Jan 2024 by SFG Engineering Services,Expires in 34 days,Job 2550179 - Ref Hydra.Eng101,https://www.careerjunction.co.za//hydraulic-technician-engineer-job-2550179.aspx
Short Term Insurance Claims Handler/Administrator,Top Vitae Recruitment,R Undisclosed,Permanent Junior position,Gqeberha,Posted 09 Jan 2024 by Top Vitae Recruitment,Expires in 34 days,Job 2550178,https://www.careerjunction.co.za//short-term-insurance-claims-handler-administrator-job-2550178.aspx
Senior C# Developer (Hybrid),Pillangó Placements,"R70,000 - R100,000 per month",Permanent Senior position,Johannesburg,Posted 09 Jan 2024 by Pillangó Placements,Expires in 29 days,Job 2531786 - Ref PTA002706,https://www.careerjunction.co.za//senior-c%23-developer-hybrid-job-2531786.aspx
i/OS Mobile Developer,Pillangó Placements,R Undisclosed,Permanent Intermediate position,Centurion,Posted 09 Jan 2024 by Pillangó Placements,Expires in 29 days,Job 2521693 - Ref PTA002575,https://www.careerjunction.co.za//i-os-mobile-developer-job-2521693.aspx
Software Developer,Pillangó Placements,R Undisclosed,Permanent Intermediate position,Centurion,Posted 09 Jan 2024 by Pillangó Placements,Expires in 29 days,Job 2538612 - Ref PTA002774,https://www.careerjunction.co.za//software-developer-job-2538612.aspx
Regulatory Affairs Manager,MVG Recruitment Specialists,Undisclosed,Permanent Specialist EE position,Johannesburg,Posted 09 Jan 2024 by MVG Recruitment Specialists,Expires in 34 days,Job 2546841 - Ref MP/RAM,https://www.careerjunction.co.za//regulatory-affairs-manager-job-2546841.aspx
Reporting Accountant,MVG Recruitment Specialists,Undisclosed,Permanent Specialist EE position,Johannesburg,Posted 09 Jan 2024 by MVG Recruitment Specialists,Expires in 34 days,Job 2546856 - Ref MP/RACC,https://www.careerjunction.co.za//reporting-accountant-job-2546856.aspx
R&D Chemist,MVG Recruitment Specialists,Undisclosed,Permanent Specialist EE position,Cape Town Region,Posted 09 Jan 2024 by MVG Recruitment Specialists,Expires in 34 days,Job 2547216 - Ref MP/RDC,https://www.careerjunction.co.za//r%26d-chemist-job-2547216.aspx
Business Unit Manager - Injectables,MVG Recruitment Specialists,Undisclosed,Permanent Management EE position,Johannesburg,Posted 09 Jan 2024 by MVG Recruitment Specialists,Expires in 34 days,Job 2547303 - Ref MP/BUI,https://www.careerjunction.co.za//business-unit-manager-injectables-job-2547303.aspx
Registered Nurse Theatre Experienced (x5),MVG Recruitment Specialists,Undisclosed,Permanent Intermediate position,East Rand,Posted 09 Jan 2024 by MVG Recruitment Specialists,Expires in 34 days,Job 2547678 - Ref RNT/NA/LM,https://www.careerjunction.co.za//registered-nurse-theatre-experienced-x5-job-2547678.aspx
